{"model": "Quad-Vim", "accuracy": 0.07795889440113395, "time": 955.8809204101562}