{"model": "Vim", "accuracy": 0.10134656272147413, "time": 941.2006425857544}