{"model": "Vim", "accuracy": 0.0963855421686747, "time": 1153.4240682125092}