{"model": "ViT", "accuracy": 0.0892983699503898, "time": 952.8015031814575}